<?xml version="1.0" encoding="UTF-8"?>
<project-private xmlns="http://www.netbeans.org/ns/project-private/1">
    <editor-bookmarks xmlns="http://www.netbeans.org/ns/editor-bookmarks/2" lastBookmarkId="0"/>
    <open-files xmlns="http://www.netbeans.org/ns/projectui-open-files/2">
        <group>
            <file>file:/F:/NetBeans/SE_Quiz/src/afterStudentLogin/multiChoice.java</file>
            <file>file:/F:/NetBeans/SE_Quiz/src/afterStudentLogin/selectQuiz.java</file>
            <file>file:/F:/NetBeans/SE_Quiz/src/afterStudentLogin/singleChoice.java</file>
            <file>file:/F:/NetBeans/SE_Quiz/src/quizAttemptBuffer/bufferClass.java</file>
            <file>file:/F:/NetBeans/SE_Quiz/src/afterStudentLogin/fillInB.java</file>
        </group>
    </open-files>
</project-private>
