<?xml version="1.0" encoding="UTF-8"?>
<launch4jConfig>
  <dontWrapJar>false</dontWrapJar>
  <headerType>gui</headerType>
  <jar>F:\NetBeans\Quiz\dist\Quiz.jar</jar>
  <outfile>F:\SE Exe Files\TestApp1.exe</outfile>
  <errTitle>Sorry JRE Not Installed on your device. Please install that first.</errTitle>
  <cmdLine></cmdLine>
  <chdir></chdir>
  <priority>normal</priority>
  <downloadUrl></downloadUrl>
  <supportUrl></supportUrl>
  <stayAlive>true</stayAlive>
  <restartOnCrash>true</restartOnCrash>
  <manifest></manifest>
  <icon>F:\NetBeans\Quiz\src\quiz\resources\quiz_new_regular_icon_204263.ico</icon>
  <singleInstance>
    <mutexName>new</mutexName>
    <windowTitle>Quiz</windowTitle>
  </singleInstance>
  <jre>
    <path>%JAVA_HOME%;%PATH%</path>
    <requiresJdk>false</requiresJdk>
    <requires64Bit>false</requires64Bit>
    <minVersion>1.8.0</minVersion>
    <maxVersion></maxVersion>
  </jre>
</launch4jConfig>